,pclass,age,sibsp,parch,fare,body
count,1047.0,844.0,1047.0,1047.0,1046.0,97.0
mean,2.2960840496657116,30.055094905213277,0.5090735434574976,0.39255014326647564,32.00613413001911,163.58762886597938
std,0.8309350768354414,14.348701449201787,1.071829354754898,0.8721645624610659,47.64708043970985,98.1157641701585
min,1.0,0.1667,0.0,0.0,0.0,4.0
25%,2.0,21.0,0.0,0.0,7.8958,72.0
50%,3.0,28.0,0.0,0.0,14.5,165.0
75%,3.0,39.0,1.0,0.0,31.275,259.0
max,3.0,80.0,8.0,9.0,512.3292,328.0
